id,Y
x_BWLA,6
nm32AQ,1
rcsl1A,8
E44IgQ,1
Zbfm5Q,0
ynShoQ,9
HTC0_w,5
ha0jDQ,9
KjzvRg,1
b1xtrA,0
J6wNeQ,3
8sopSQ,9
cL8yKg,2
g4fPiQ,6
vJJ6gA,6
ci9H8A,0
GFs_3w,0
P59htQ,5
SDqRXA,9
Hk0XUA,3
eZ_x6Q,7
cSTl9g,3
flQ-tw,4
MbG7LQ,3
AmQidg,8
uFCv3A,9
5ioZig,2
c-Re7w,4
JqpLaQ,4
2jjX1g,5
NvAMRg,0
_Kbi8A,0
ko5jLw,7
YXqyhA,9
PfeSaQ,3
ELkJaw,5
Cb8ZVQ,6
PNs2xw,0
EhvNuA,1
Ka1_jQ,0
Qgy9vw,6
PjGXAA,7
r7nvUA,7
qOs3og,5
qH3u9Q,3
fWbLcg,7
nkDS_A,4
IcA1hw,5
5Wjdgg,5
qw7FLw,7
5Qht5g,7
pdtElA,5
itSzqA,2
1Y6b7Q,6
IrEYpA,6
Ge96UQ,3
XNn9fw,10
mG7qFw,10
zy3QWQ,10
ONr95A,9
JrXvwg,10
eg4dtA,9
8kuIlQ,0
tA5N9Q,7
eL2skw,8
g2SCgA,4
DrM17A,7
0nlJxA,0
86dODg,10
TtFl6g,6
ldf9ZA,6
GUnM5w,10
Y8V6og,9
xczXeQ,0
egdJ4Q,5
Tb9feQ,10
EbZviQ,5
snE9tA,3
Hg2ZCQ,0
tAxmYQ,9
SF1e7w,2
OO_Rtg,5
mxk4nA,1
PcLfsw,6
fa8Qkg,3
ynsJyw,3
187DhQ,10
lqSQAg,7
flpkPw,4
xVYuhg,10
WSiqfA,7
_-au4A,5
jgPbmA,5
oxf2sQ,8
mqxYLg,4
awtQ-w,9
hibMzw,5
Tbjhlw,0
gnZeTQ,4
XFcRIw,8
-4_3LQ,1
aNj5jA,10
1yxjRA,8
ngNLvQ,6
BajXFA,6
IJbpFw,9
K8v8pw,5
T49DGw,6
-FinKA,1
FmilCw,1
H07Z9A,8
_eeKFQ,2
hMfK5Q,6
tCoG2g,10
55XhwA,0
w3rQSQ,0
5VveMw,1
My-hhg,4
MKtF_g,10
AxILeQ,4
PpAY5A,4
Bmmcpg,1
F8WlKQ,9
P8814w,2
GnrhDA,2
UW_xXw,6
jMxY0Q,2
8z-cuQ,7
Ogcutg,7
CFH97w,5
Jps58g,4
79KcEg,9
uONY5g,5
bW18Ww,2
mKUVYg,10
bH0e1w,0
3UD47w,2
9ihIjA,7
9N-7WA,0
YxzgkA,7
qsRCaQ,10
bRip8Q,5
i0b88g,9
G753Aw,9
lSPgzA,2
fPn2fw,3
jZHGxA,7
PV-EIg,2
pmVZrQ,3
qcFiOg,2
nME_8A,10
7PVs8g,3
ECntFg,9
lIICZQ,8
jN-ptg,0
x_7lGw,1
s-mqtg,1
Wf0CMw,1
4Ip1zw,8
cQfcEg,1
prlsrw,1
jg_tkQ,3
jex3Fg,5
HdPcgg,9
1ZooZA,1
_w1low,10
otiE-g,10
CCSsPQ,10
VPgcAQ,2
xth0xQ,2
NxFK7g,1
xy22tw,4
On_X5g,2
nKch6A,0
TpXzNA,4
au7b_w,2
2oNy0g,3
CEJeLA,3
8yioXg,3
Drn2EA,4
gfFPew,8
ooBAMw,9
nFyFZQ,5
ZHG6yA,6
TkwRkw,8
2zpyTw,6
ZQJqjQ,10
L0xnUQ,10
ZdgfyQ,5
jXj9NQ,1
ut80zw,3
weFfTQ,7
1UQ_Gg,8
F4U71g,9
7GLmSw,0
R9L9HQ,5
PJVKJw,4
Pc4N4g,4
oz2rZQ,3
0OdltA,3
BGWU7A,5
6NCdpg,2
EsD97A,2
jXzw6A,7
U6TI6g,3
lGW9uA,4
SVnulA,8
mM7SOA,3
rAPmOw,0
5yVVdQ,10
UVyFHw,6
B2XsMA,10
IGJalg,2
HxZ41g,3
t2hpiw,2
3ySUKA,6
otXhtw,4
5XfLiA,5
v8WJjg,6
Ek-F1A,4
RDIyBA,8
WjsyyA,2
D17w-Q,6
cmip_g,5
N53o2g,1
p1Wueg,0
pcmsDA,7
K8bPNA,5
yK2GCQ,2
SXGBfw,7
hidj3g,1
Hl22eg,1
6XEEiA,7
q57vvw,2
Blt-GA,7
OTlSVg,2
VY_JBQ,8
cyYRbQ,10
2kL4jA,7
5XAD2A,0
hLN1ew,3
zWnMAw,1
0cdanA,1
mTuO4g,2
9vrw0A,6
DA3_NQ,3
2Asnbg,8
jKMqGw,8
QErAcw,9
O8LU5w,1
rJcvxQ,2
UWC9Ng,1
vnLQhw,4
oDvAXA,10
eQDvug,1
a7eFDA,9
7W_Czw,2
6T6HjA,5
2AC3eA,1
2IyujQ,3
4F77yA,8
JcVCcA,4
sdp0FA,4
QRDu-A,9
23AMXQ,2
zYcDxg,0
0tor1A,2
wMOmaQ,5
5w5n6Q,7
-ZG3Cw,3
QO87Zw,7
8SHorA,8
eFk3PQ,4
F_jy_Q,3
SmWYHg,3
YPnU1Q,10
INNlvw,1
uMV33A,3
PJarvA,7
Ed-g5Q,9
ROcJ7A,2
sXUl9w,6
mNMbPA,3
eFKcaw,0
gwSAgA,6
zPOjEg,3
ooQMjw,4
cqxcQw,0
1de70A,2
s-Ey2Q,8
OsxFaw,8
h2yV3w,3
Zk6WyQ,8
728ezQ,6
m8JrDg,9
-Infdg,0
AcR8YA,2
T3UOkA,6
eLnypg,10
DXWc-A,10
G_nmQQ,0
No53-Q,6
EEMnJg,6
ERJqcA,2
as66Ig,4
wkypRg,10
X7C1jg,4
atxHUA,0
WfWuhg,5
VeSlqQ,5
WK0_ag,3
2Wre3g,5
K3pdWQ,6
ORbqRQ,8
szVdag,1
yfDV_Q,10
pVH9Rw,9
tdsOeg,9
UWlJsg,0
Y3iFYQ,7
gdNhIQ,0
KvxBqA,4
ckhSyA,3
Req_pg,9
AlcCbA,4
jiuJaw,7
P0FEHA,3
U81V7Q,1
6kjj0A,4
E78pUw,6
y9iHuw,4
rK8XJQ,1
RFElWQ,10
1S_1xQ,1
WtRjvw,3
1gIynw,2
IYD1ag,5
UNPtjw,8
WmsxSA,1
1vow3A,1
JkOisA,1
ZBLlMg,3
tCy8KA,3
2N6tWw,4
nq4_wg,1
iUO8sA,7
NdsaBg,10
WEffAw,0
fo3E5w,3
llmDaw,1
zOEQ4A,2
WhSgmg,0
FJ3XJA,3
COv5TQ,9
oWbxUQ,6
Wj4RLA,4
UcSh4Q,7
m47QYA,10
3C6sxA,4
mftL4g,3
y2Bw9g,0
a4vxYA,4
GF3ArA,2
35jh2Q,9
LetzkA,4
xdfcNQ,6
aub0xg,10
k_bJ_w,4
l3EFfg,7
DnmJmw,7
f4RybQ,2
MO0Unw,6
WZu-XA,5
-zCIKw,10
QMJubw,9
cxRV-w,5
HbUwMQ,4
i9sEAQ,5
FwydQw,10
2lJ3cg,0
H2xw0g,6
ef9ZAg,1
zDvKIA,1
eSIvMA,3
h8-Yzg,7
11_MeQ,3
6TWFxw,3
dR1EDw,5
AfD8hg,10
5SZJQw,1
hEYlIQ,2
BUctbQ,3
sclT0Q,8
gej3Sw,9
VC-etA,1
UR5Qwg,9
7Rf70A,5
4ymJVQ,2
12vUGw,5
VHkpew,3
vk01zQ,8
FZplOQ,7
Rb0sSQ,8
WtkLJQ,4
jdAt7g,10
QUkDmQ,10
bPcrCA,2
SynreA,6
vsgGcw,6
H4v_LQ,3
L9A1fw,7
R_1uLg,1
EKkonA,5
F6kTJw,1
v-xC9Q,9
TzoH2A,1
rR3i0g,10
Ay6buA,9
5Uc0kw,2
LLCEDw,1
LdBs_Q,2
wBtHUQ,8
ngUq3g,9
P_jkZA,6
Mr0PYQ,7
wQcZ8Q,9
lPFQrg,6
dCC5hw,3
3tNo8w,8
di2rWg,6
xjyrqA,3
DXB-uA,9
3P23zg,7
dN9HWw,5
Sxvdpw,0
58JWkQ,2
xBn_wA,8
IPOoAQ,3
RmTS2w,1
F-OZBQ,10
L1B-2A,8
8LRlBg,9
zEpToA,7
VccPOw,10
N-CJxw,8
PvEiQw,1
BlrX-A,7
erMwEQ,2
qN0-ew,2
FfFRWA,4
JHvtpQ,7
VaU-sg,0
ek-uzA,3
0GzrFA,3
b2jSCQ,0
I7clYw,7
un__9w,8
oUkAMA,4
0dmEbg,3
jjntmg,8
maCBlA,7
OQJhRA,4
DF7vpg,7
G3-NoQ,1
fhPjyw,6
3zdVqg,0
NophHg,3
RXpQ7A,2
GrZ4tw,5
WIbPAw,7
nw7FDw,2
kfFEsQ,7
kCcfaQ,4
BXTnIw,9
_Nt-Qg,10
5fw6xg,6
WHKq5A,9
YBoqvA,0
rIykYQ,5
f96tdA,10
SEkrzg,7
w21W3g,3
UD78rw,0
TNA8lg,6
PasIag,9
UwVJgA,8
OKWoxA,1
hTtz6Q,0
TZwK5Q,4
4I-2gQ,4
HcLDRw,5
LU-usg,1
sg0myA,4
nH4O3Q,4
KF9JxQ,1
O_8faQ,1
D-DagQ,8
3nh5Hg,2
bSiBvw,6
QPP5rA,7
50iJ1g,0
IsCsrw,6
DLlieg,1
iCWg8g,5
n0ElRA,3
kGadgw,10
9rieug,0
aM-MIA,5
lLtAsg,7
vJgfGg,2
EpoBuw,4
2oKJfg,3
EuhWaw,1
k6pkiQ,1
C5slag,6
kDqtLw,5
K7DKpQ,9
GVwLDw,5
c7jIwg,9
fK3T8A,9
H5BydA,0
X_o-hQ,9
kufP_w,8
hHX7xA,8
2frAYg,10
-2jpGA,7
B2PvvQ,5
gyJCrg,10
_NhqMw,0
bs4xJQ,3
9MtceQ,5
0-1wAw,9
_Xyplw,8
J19Qzg,1
KCa2vg,6
yjMQIw,0
Me_PNQ,10
z1HWSg,5
qe1P2w,0
OD3hgw,3
nqWXDA,0
vSp1Nw,10
j6V7xg,1
zh2y2Q,8
m-IxlQ,3
00iVSA,4
3GX-Pg,2
Jr4-6g,9
U-TwwQ,9
grKDoA,3
7kK8mg,6
RqLRGw,5
0XnzpQ,10
EgGbRw,2
HzhR3A,2
HNLp9Q,4
jm4AeA,8
fyfMxg,3
kOWgCA,6
eDnPeA,7
DbSwSg,9
Qp6qkQ,5
EVTPjw,4
bQWncA,5
zfrLrA,8
fUHVkg,0
gnUrfg,6
pim9mQ,0
Rktyjg,9
_BsJdQ,4
ZGaZEg,4
QcuIUQ,10
B2LVhQ,10
4wHebw,2
6DxbBg,10
26OUVA,3
WBxNWQ,10
fzggdw,1
Bfllvw,8
vVZa-A,0
ySqcjQ,5
ZnsEqQ,3
7d69uA,6
GLV6rA,7
gf-z-w,6
dAnWfg,0
9WyIHw,6
7AaxYg,4
A6JeMQ,4
uZDSPw,4
RobL2A,1
DgsdGQ,0
zr8SSQ,9
Ehfojg,6
9tadkw,10
KL65hg,6
d05C1Q,9
-0J3nw,2
4tMJTw,3
3C6FAg,1
nmB6KQ,1
-60UFw,7
Btg0dw,8
TvFNdA,10
OX9IcQ,0
FKcasA,8
hvXGYA,1
LIEPEQ,2
vQ0D1g,4
vu-7Bw,4
wMHD4A,7
ZsMMZw,1
b7v1SQ,0
C_9JRg,2
KSUWLw,4
xj3dsQ,0
3Qs8gw,4
N2mUAw,10
JEJL9Q,3
RB2sEA,4
-BO07g,0
hk-jSg,5
7L8Dgg,4
Hbea7w,10
4gYD2Q,5
yYsVDQ,1
LQU0LQ,7
NwhCxw,4
EA-3lg,5
NUExwQ,6
mSLJkw,2
GgQ0-Q,7
YYGjNw,6
RTPJdA,7
J1q-4g,2
Jk20kw,3
wOIGfw,4
xcxKEQ,7
o5lacQ,0
A69kSg,6
7mAQqA,3
dfaQiw,9
5s2Gxg,6
e_3AtA,9
w39dow,4
HQ3i2Q,7
S6ao9w,7
T-aj2Q,4
fPVTUA,0
QWvWiA,9
dJPjmQ,1
CxA_CQ,1
6oaiTQ,7
WOmYag,3
xnjh6g,2
3PF4hg,9
VOY9ig,3
iOXQ9Q,8
swvlww,9
8LME8A,9
q-ysTw,2
uLfTpw,2
bwSPhw,4
o7RGzg,4
1X-47Q,0
YPcueg,5
4Ke9Zg,0
AquIbg,1
mIh-Yg,8
JlfZtQ,8
xtqG-A,0
QUcYrg,9
LWibvA,7
KYTthQ,7
vEooUw,4
W5XXTw,6
lOUYCg,0
mR1Kbg,2
V0FUgA,3
tmEvEQ,6
6jJEzg,9
K8njEQ,1
S9sm8Q,4
K4xLqQ,8
APXVtA,6
AJYGsQ,0
T9m5Gg,6
mimbCw,5
ILlgWA,3
Up-uSw,2
i0OmRQ,3
Izfpog,8
10W21g,0
jjihMw,1
zSmwSw,0
jlCvtg,2
E_X6-A,9
Su4gig,8
nfO0AA,10
HTgsLw,6
S3vT-g,7
5u80Gg,10
CE8FFA,1
6mA7BA,7
zajvBQ,10
Vv3C0g,9
Gbk42w,7
IrA5bw,2
VaC-PA,4
s8l-SA,6
DAX5aw,9
lO9yMg,10
2J2WXw,3
QqQ6DA,8
zzzP9g,4
VKcL2A,0
i1ALTw,5
l_-hlQ,2
U74eEw,3
aEH08w,1
ddVzSQ,5
danfTw,5
CHdJXQ,6
r3Hwjw,7
4qNH3A,6
KkNYyA,4
Getk-A,7
etPgug,7
Q5pNFw,4
rQ2wzg,6
GStQLg,0
ofFUCw,6
HpgPfQ,4
hyxEDw,0
ADIxMQ,1
LF-lMw,6
dlEK5g,0
wINWRA,6
nxmqLw,10
eYRGSg,7
p0n4pQ,4
F8iyPg,0
w0RGWw,5
ae0jCA,8
23KJaA,2
B4pj6A,5
p7b1Fw,7
nxy5vw,9
vLlxQg,7
zq0MKg,3
Xq-X6w,7
nnxiug,1
jw4Ttg,3
E27y4w,7
-MfQ7Q,9
oIwFsw,1
86U9Ug,5
YLAe3Q,2
G84xCw,6
jVmXuw,1
j1LMYQ,9
Ki-O5Q,2
lyddlg,5
KMQU7g,5
D-3vrg,9
AdHgIw,5
-1EhXQ,1
13nu0w,0
ejwGCA,4
jpPwWQ,8
3ovMqw,5
pIVLig,8
PEUzHQ,6
rInE2A,1
aJ5ErA,4
GadK_A,0
ZseT0Q,7
guY3lQ,7
98r1Gg,6
M-1Gkw,10
46zb8g,6
n1IwNA,2
7JLPFA,0
KwL46A,0
nn-utg,0
M-hG7A,6
lDHxSg,7
OwFW5g,7
WIOlDQ,0
BYBINw,0
WkqxNQ,1
IEffgQ,8
qWh8WA,2
0q8qdg,1
mLcCkA,5
lRSz1w,4
8VxrQg,9
o7Hh-Q,7
O-RTQA,1
Xqebqw,2
EbUSvA,6
OtfiwQ,0
i06tHg,0
tO4fGg,5
9-Z03g,8
YdlHkg,6
BDQ-7A,0
KCsQpA,6
0hSCuA,0
9AxKmg,4
JYL2LQ,8
VyVhnw,4
mYbnZg,10
BaYr1g,4
WOZAiw,10
-TuDAA,1
yzKdSA,7
xoUe0A,9
QSqKPw,4
rnW-xA,1
yMY0fQ,9
_REN5g,9
bvc6Og,7
DhF6HA,7
b0dx0g,8
5SBxRQ,1
0qtOuQ,4
WnPlcg,3
hLWw2A,10
EBqn-Q,2
mzxjaQ,5
iGj2Xw,4
167tlg,5
wBEj_w,0
DTSZEw,2
tBic0Q,5
9fQP7g,8
R_XuFA,7
iTy4GA,0
0VbrNw,9
JVqx0g,9
42Zdeg,3
SdJgEw,5
mqczSA,4
0fZqdw,4
F3NRDg,2
tboRbw,5
6tHOcA,2
Cr_qzA,7
-8ekmw,5
JWO2zA,1
4VKsZw,1
iXhe-w,2
bjQfoA,0
f5o1Zg,1
b-uVSA,4
0r6Gdw,6
6PJeVg,9
CC5LQA,10
JdxnOQ,3
DoYLrA,3
e75F0A,9
D-c3CA,0
UmG0yQ,3
U5c8pQ,8
rk1qVA,1
srpucA,0
3lUMgg,2
qNhecA,0
7Qohug,1
R4dOjw,6
-jZsEQ,7
XFuJfg,5
2bd8Jg,0
jdeYzQ,3
X1-FNw,6
SgtlNw,0
pF4cwA,10
__RTSw,2
ybJTng,6
cj27Kw,3
WvVXGA,6
eIoU_Q,7
-WUq_A,1
d1GEpQ,1
h__QNQ,2
ktBIbA,4
b0kTbg,5
-Q4QMA,4
Rf0tbQ,6
_BEMdw,1
6LcTTA,10
X33cqQ,0
qh5CsA,4
sAdP9w,0
JuKpnQ,0
WaXqHQ,5
yVipPw,5
sksNxA,9
6nYczw,9
qU66pQ,6
-G4-5w,7
YPTt4g,9
kVlKbQ,0
G4mhdg,7
dRnRCg,8
zy_t3Q,0
L2cEUw,0
YlZ2QQ,8
s-MiLw,4
lllf6A,4
aImTdw,10
_-W5dw,10
Rje_aA,10
t23_ZQ,0
qmgKvQ,0
zQ6PCA,8
e8DnaQ,4
l2wiUw,1
Z1sSlw,10
ZydzWA,10
CWBxcw,10
mNf3mA,9
WxlubQ,6
wW7H4g,7
FRqPiw,10
9CkXeA,9
FomC2Q,6
wQzQ7w,1
9e9MAQ,2
T7xMjw,7
ObJfNg,10
G3UkxQ,9
0RePcA,5
LLYhEQ,5
cSGVPA,1
x5ckfA,3
uRHVYg,5
sCTryg,3
3GLhhQ,0
IDryzQ,1
LfXNpA,7
MRDcFQ,4
V1leFQ,1
tlop4g,10
t3D5uA,4
4KY12g,7
OjpVkQ,10
My0_dw,2
nhjKRg,0
fsFtdQ,4
RzTC_Q,10
jFSG_w,2
9EOGSA,10
qNmVvg,0
qVbBUA,0
gvxlHw,0
5P5oVQ,10
lGw9hw,1
MAbYmg,6
UN-_Aw,3
8D9T1w,2
M1cOJQ,3
qaQHQA,10
gJcyig,3
lHHFrA,8
NCO7sA,7
2rvR2w,3
uG8jzQ,4
3mjYUg,8
WdympQ,8
JC9Nfw,4
eeQ8wg,8
Db8SSA,7
T9Ym1A,6
1nQ-dQ,6
ZNyO7w,6
Zmjw8g,9
XPQ2LQ,4
omIm_w,3
HQgtEA,7
u4bg3w,3
pfy6cw,0
gbuz1w,0
n_umyg,4
-p29Ug,9
URBihA,3
HXl4dQ,5
mVNTWQ,10
JKLxmA,2
wM5xIg,10
0LBzYQ,4
-J3OQA,0
ihFYCw,8
m0wc_A,9
kZUUYw,3
6rjJMA,10
EEcKTQ,3
XtVlkA,4
LPu1Bw,10
T_UNwA,2
RJc69g,6
kFciZg,8
6-asXw,0
es_LsA,4
-G1rpQ,5
v1XXnA,0
2Nl22A,7
Yy0l8w,1
Qt5MBw,6
zSUvzg,4
2icjgA,6
WHKjfw,7
XQ0oxA,4
p49G5g,8
6SrqBg,9
REF0Mg,0
wtCfmA,4
E2LZig,9
YdwOYA,5
UiZQKA,7
LigTZQ,0
is-fFg,6
LLafkg,7
zbbzVQ,2
L1FeyA,3
hAmcUQ,6
cFWkyA,9
h5udfg,3
0tUf2g,6
onTF7w,4
dAEDdQ,3
D6hswg,8
7rrAcA,4
uQdOxQ,10
_DRwPw,10
_DtdEA,10
MG4pVQ,10
hr5wIw,5
LX-cXQ,7
WZON9w,5
HQJ4gw,0
U5wzLA,5
c-ONGw,2
wvAalg,0
gQBQbw,3
OfyVTw,10
dWL5sw,3
5PwIzg,4
OYD_7A,3
fCBrUw,2
Nm07Lg,1
p9ZrOA,1
t_JISQ,3
sxLJ7A,4
M3K6-A,10
i42xnw,1
HFcWoQ,3
MobTgA,9
Qoy6cw,1
QzSnRw,2
ONQLXA,7
szM6Ag,6
5XlR4g,2
O0qMsA,1
j0tiyg,4
jI_RFg,1
-RoflA,0
fxnAtA,10
LBAvyw,3
hmwlKw,2
RHZARg,6
hCoY1w,8
h73pEw,4
nKPUsg,8
zOaPLg,9
GRu4Gw,7
ChLq-w,3
p4qgmw,6
s3spcg,9
ym5yBA,2
CO8RHQ,2
G_v7_w,3
6bIL2w,4
fZ7EUw,5
xtK_UA,3
6GHRkA,3
1ZRBrQ,6
5LQLhw,9
5ph7Rw,0
lvl9nQ,5
hjayMQ,6
GwH2xA,4
xJxc0g,9
GmmD9A,10
F_GXZg,6
CwKA4w,10
JTSBtg,5
WCcVXg,1
BuQmxw,7
28syaA,9
lZFwgQ,0
13fgpw,8
5lGt6w,3
wKEHvg,4
OiNNBA,3
TonU0w,3
6cpDYw,1
EnjXQQ,6
ayHh2g,5
8dpkkw,3
tdomqw,4
azYzAg,8
yXB8bA,9
5KhUAw,9
gfo-Ng,10
0GYKsg,4
98sc5A,1
NGgUmA,5
WXsoMA,8
riZrmA,7
eBjUXw,7
soP-OA,5
Naqjng,9
8jVloA,9
11MGDQ,10
2FAGEA,1
ylk5FA,0
D-FFaw,2
X9iQRg,0
W7bXbg,2
fmOdpg,8
VTnDGQ,10
li6ZtA,9
LjryIA,1
U9sOuQ,3
LTvTQw,10
xvsB_A,9
-9uPOg,8
Z7MesQ,5
-k118Q,3
JfGy7w,5
O1GkdQ,10
jyclVw,8
eMVqZQ,1
h7ZPKg,2
NOawig,0
evYWzQ,7
0VoL0Q,3
0Oy9Og,10
CqeFMA,9
V821wA,9
XAj4LQ,7
4tiD7Q,2
9AHbsg,10
SnBfNg,4
_BXaZw,1
-ouysw,8
KONIvA,10
BTCgaQ,10
iZ4yQQ,6
leBBQQ,0
mPy3gA,10
1Cy1Lw,9
PDHuLw,2
Hf0xNw,1
EiHSUQ,6
2ooFMQ,5
uUttPg,2
tZ4xug,8
kkqSFA,4
grneCw,1
qZoKMg,9
o6tLGA,5
myBjaw,5
TvK2sA,0
lqzB9g,2
0LkHJQ,9
vxagvg,9
24MWMg,6
vl1Jog,3
6bzwuA,8
kdRitA,1
1nYt_Q,0
5QFJ8A,9
KF4Asg,2
O1Ek6Q,7
R9GpqQ,8
V4lqlw,0
7KymJQ,0
sx3vEA,2
1WNtZA,4
WadHDQ,0
037CYQ,9
Tzj9ug,4
RxMzAQ,0
n1FByg,6
8mUZzw,9
0uPBpw,7
3ZNl0Q,7
PovkOA,2
tCSMeA,3
lSbYEg,6
DO2zvw,9
w0Z72A,10
hVHlYg,8
U8W5zA,8
-TsP-w,0
myBc8g,0
l16LLQ,6
h7IhNQ,10
k6l9rQ,10
VKf9mg,8
FgrNFg,5
56GCMQ,6
gH0jIg,0
v3ZbKA,3
63556g,3
W7_zEA,5
jNxvRg,3
7A68aQ,1
ISU8dQ,9
bwqlpw,1
HA8qXA,10
cCPNsQ,7
S2UbdA,10
I6S3-A,1
l4HDeA,10
03AUcg,0
APUM9g,8
VvgOvA,2
vJl_bA,10
8XbH9g,6
RGiZGA,1
_LSjag,2
0o9ozQ,4
xNOf6g,3
kpzVug,0
reGz-A,4
uozWgg,3
u8EgpA,0
JXVVhg,8
Pk5xtQ,6
8u3alA,5
eI51tQ,7
_kGlxQ,4
O6wsHw,3
UdCnow,9
seFMow,8
rqR8cA,2
paZj2g,9
p_cOzQ,1
hb2t4g,2
k0UsFw,6
XhBI2A,6
UvfZ_A,10
4dRBEA,5
ZurYXw,9
zY5M9w,9
AHjRbw,10
B755uw,7
SC1jsg,5
WpPEjA,3
Cfoidw,4
dLUiPQ,6
MpgEBA,7
L3QqKg,2
GJww3A,9
KTlrHg,9
G7G3jg,0
NL7XpQ,8
jfQW0Q,1
Ml_MhA,10
jKHwAg,0
n1SaFg,10
1R-Ggg,0
--XB-A,0
GZ8i2A,9
rxvl2g,2
2nVueg,0
VC9w2w,2
XAni4w,10
JCUEHA,6
xmG4Jw,3
5rVhcA,10
Sp7XPg,6
7vbKEQ,5
Zi85Fw,1
0HVbzQ,4
e4o57Q,2
42nRwQ,1
XBywaA,5
oznQ9A,5
tx558w,6
asMJIg,10
u8deog,10
btuNsA,5
ruZjJQ,3
9B7knw,3
q56WjQ,3
GmsuHA,7
FbNWkA,5
p4v-nQ,2
cwRTBw,7
ov7U1Q,6
nOa8HA,7
roD_2w,0
GIzo9w,8
xxLrqQ,8
y3dR6g,6
OTfymw,8
VTb50A,9
7zJq-A,0
JUlGwA,6
osStwA,2
ebMqGg,3
9QnFqA,2
GdJwiQ,3
Ayvt9w,4
LMQoAw,0
ulZR6g,5
FVtdjA,8
9k665g,3
2pJYDA,1
m38BuQ,0
ApI03w,1
fW5PrQ,1
lxk8hA,9
k84N-A,9
c1glrA,9
yXKjgw,8
uDNe7w,6
iw8YSw,0
KOMfLQ,8
VD63ew,3
2bC9Ew,3
yEf2OA,6
BaScSQ,6
Hjg9Ow,2
J094Wg,7
JOVt0g,6
OVLi4g,1
ShPzVg,2
LoTrfQ,1
wTbMOw,0
lKIraQ,9
y6KziQ,9
SDiGvw,8
m1EtIw,1
TicxYg,9
YQoTTw,7
DXN7Yg,8
KmEHjA,5
T5uNMw,9
ofejqg,8
L3lpNQ,0
J9E7MQ,7
obQb7Q,0
HUD7uA,1
SMB5iw,4
iU3V_Q,2
FZmVLA,3
zYaX-A,8
OLdRgg,5
bkG0yQ,9
iMQ0rA,6
dSJKEw,1
-G6w-g,4
456I5g,5
sbvCKg,8
6kxiNg,9
NECx3Q,8
hXxrgg,8
_5G-pw,7
BamYXA,2
4ghfvQ,5
l_J4mQ,2
wLJjwQ,8
HOMvsA,1
z1jvqw,8
pHBV_Q,4
ExTzQA,1
mvtcog,0
s8_xxw,10
i1xLnQ,3
uUQDzQ,5
0qZeww,5
UR-pdQ,10
BhbUiw,5
wkeFzw,0
0kSMQw,5
Fvu9cA,3
x_CBkw,4
l0vE2Q,1
FtFd3A,3
aB2jsQ,5
2_4SBg,9
Fj8Acg,0
FPktWA,6
NEK-mg,10
PC4xBA,4
544VhA,2
smj0_Q,10
eMTxYw,8
u5JCvg,0
HHJn2Q,2
CbZiKg,0
CYXwvw,3
97ek4A,9
PEuNog,2
-q0Qew,9
NIu7qg,9
ck4Ygg,1
NkMe2w,0
7SZMIA,7
1sYR2g,3
4ImIoQ,3
1pfZxw,6
EyeBoA,9
CEUgqw,2
OOKKYg,2
j1rxvQ,7
tNaBsg,3
c2Qw3A,4
m8ZALg,1
ZxT0Hw,7
9WQBcw,10
0Duc4A,5
VYN41Q,3
KQ0yYQ,9
XtHp-A,7
OW42qw,8
bLXaWA,2
AqodCA,9
rQrW9w,9
DjT5Ig,3
fc5WlQ,9
_0OSIw,1
Yt7WOA,3
GCIdPA,9
dCbPCg,10
SMAotw,5
-Mx-8A,1
ABdOCw,1
N36Mxg,1
OQQu5Q,3
Vpynog,2
qRimCg,3
jsoghg,4
eCZWPQ,10
YyrE7Q,7
iWfoJg,2
WMb6mQ,3
8PQVcA,10
PfQmSA,10
-t5IKg,9
8RnAAA,4
NTEEow,0
fC2npw,1
LTEvYQ,1
vSN1zw,1
AQrbhg,5
MuKgFg,7
Ia327w,7
JQDe4Q,7
L9vqow,4
mJFwug,10
QczNmQ,8
ikNAkg,4
tdfVAw,3
sHEE3w,0
WO0Zvg,0
e3Ojwg,6
4qxPFQ,10
wGzSZg,7
ohz9Qg,7
B5wc3A,7
z2zqDQ,10
4d6mxA,3
aNNlKg,8
s7hXGA,9
9tLfVg,5
lSwbSQ,5
i1zkHQ,1
d5iOfQ,10
Z_tjJQ,1
4CMumA,2
8QFpsA,1
4bjwmw,9
QXQ5ew,7
fFqLpg,7
pGScuQ,2
5L71TA,4
HlkzYQ,3
TAc0Tg,3
Tvva7Q,0
JclN8g,2
RKXaLQ,8
2uzttg,7
3IJSjA,1
Znub8w,2
ISAtLA,9
Bp0DGA,6
A-ODWw,2
gWZ_Hw,2
u12yIA,4
EcXqaA,1
W-jTPA,7
5a4Diw,4
p_py-A,9
sICD8A,0
3cawHw,1
q1n4eA,0
Zdp00Q,7
CSGd2A,7
ZEqRDQ,3
LnRNyg,10
8FrxzQ,3
tWPgcA,3
al1GJA,10
umU-zQ,2
cllouA,3
ZKwkkQ,7
InHOvw,10
FXQBMg,2
PzrwBw,7
5nN1PQ,5
MURhSA,7
IoDF2A,0
v9jqrA,0
QGZFXA,5
TqNvTQ,5
sEsZJA,6
Ygp-ew,7
d3xpeA,3
MmPNlg,3
KawZlQ,7
hTVXLw,8
18QPcA,0
Z_zI0Q,5
755Pwg,1
J_cMzw,5
AQPAog,10
7zjUQw,9
-UEyNA,1
7CK5pQ,4
YvW5ow,7
Hk2Otg,8
w4lk3Q,10
RykOsA,4
tgOStw,6
clIr9Q,1
Ek2N1Q,6
v7RI1A,1
2i57yg,5
Ab05mQ,6
LEOgcA,8
7XLFcA,8
gHc5Jw,4
og656w,4
ogn_fQ,8
62gvcQ,2
7xph1g,0
WUCjkg,6
uN8GiA,7
r8tJaA,1
u97j8A,7
DPrgqw,7
PMZc7A,3
iFfpDQ,6
yAC6Ew,10
lDdbmg,10
AXqbig,8
pWRe3A,3
m1GOHA,7
PZMddw,2
Ba7Atw,2
2Pxwnw,6
7RCLGw,3
h15Izg,6
Amkh4A,9
MVA4Cw,3
IFkRnQ,0
t38Vxw,10
F388lA,4
6pccww,5
oJ9Enw,9
mWmZ5g,3
qnJUmw,5
tmYRQQ,0
JJm06Q,1
W260Wg,7
jiSURA,5
3Mhv8Q,4
b4_PiA,10
tFtgrQ,10
xqgIaQ,8
StngGw,0
VHye8Q,8
vTL5aA,5
8VL0ZA,5
V9Y-kA,4
ffwdmg,5
zNiocw,0
shGlYQ,9
u0Fqqg,6
W0yVtg,2
YGQKaA,1
d1mlLQ,1
XE0MUQ,9
YmRZHA,6
tr2Org,2
qg9jbw,5
jQ0Sww,4
aSIzzg,9
Gru6mg,6
EeJi1Q,10
BPZH3A,1
A_Lofg,10
7Xhi6Q,5
1Fwx4Q,5
ZRSsFA,6
KOFM0w,1
dgJdzg,1
lQJD8A,6
mnSJ9A,8
Tb-5Yw,3
8tX2ZA,2
nYljcQ,10
b8EsHQ,1
GB1e3A,4
b9UA5A,7
Wahdmw,2
8DU9xQ,3
5LPxbw,1
09lGrA,6
Yi-7OQ,5
STV0qQ,7
SSjT6Q,2
Rd8LMQ,4
3Vojpg,0
YndZHg,4
HqK8KA,4
ywSEBw,9
I5ZCBw,7
M5j-qA,2
n4Evhg,7
C3mBwA,2
WWzQdQ,2
7D7qHQ,6
NubPwg,4
sljCIQ,10
1YjAbg,4
RH-_EA,7
9s-sSw,5
BGruoA,0
irbTjQ,9
OkekbQ,10
CGixlA,7
Ekoj_Q,3
KFHKXQ,2
NDifxA,10
noB9Tg,4
9zUQiw,10
rqTCYg,0
TuiGpQ,6
Gw8WiQ,9
uFlssA,8
wBLdYg,10
Qm9swg,9
rfBv6A,2
2TxKeg,10
BPHmyA,9
aDS9VA,1
gZU4mQ,4
Ip4Fmg,6
8ap07Q,6
YfY0EQ,8
zBv29g,5
SlFBLA,8
e8siqQ,9
4teFww,7
DBi4qA,5
9hEoZQ,9
NHsw8w,6
YfHqQg,6
Fxu_gg,1
oW7Cxw,6
RWc70A,0
k3MCvg,1
upMDlw,8
hiI3Sg,7
s_cP9g,8
afilGg,6
mz2udw,10
-L967Q,1
TV59tg,0
I7r47g,10
KhTY1A,1
ODlsuA,3
fYGOxg,7
NDbxMQ,10
Bau8oQ,2
0j2HYA,4
knwWXw,4
yLoxSQ,5
jaZw7w,8
kxo8MQ,2
PCXU_w,7
4K-APA,10
KQG0gQ,9
zrrb1Q,9
l7G3Yg,9
OH8NYQ,3
75bG4w,8
42_jvw,2
jT63zw,10
_GFoXg,2
QyHC-g,9
Zx_n2A,5
t6m1Tg,2
kKJbqA,4
f58-sg,4
DXaiMw,4
8iN-EA,1
pYbhuQ,9
PAhsuA,7
s85MdQ,8
q_EN9g,0
wFXJDw,2
ltGFKw,5
pGetZA,2
85zosA,3
y-Q5Aw,7
-znMtA,6
eiAl8Q,10
26aT_Q,7
8BREuw,10
HMDkzw,10
UHYsKA,8
5f-bIw,9
eSR8GQ,1
9G4b1A,10
LE7qwA,6
zVvXdg,0
khjP4w,5
IIBUsg,3
aT_49g,2
uDFsMA,2
oTu6bQ,9
817HLg,8
yRH9eQ,3
wgZ3Qw,6
02sV2g,5
OXeciw,2
nByMcA,4
KTY7bA,7
raAVyg,10
Kyu50A,4
_ehvqg,10
ao2KyQ,1
hMZKeg,2
S6BArA,1
J3E8Nw,10
1DLDng,8
yMMw9A,6
gAXnKA,2
bBiBlw,3
rfePrA,9
6TMWcw,4
d5psMQ,2
phXsCg,1
2aM8yQ,0
4_NrsA,1
g5ZdwA,9
-0TqQQ,2
6NCFmA,7
ZfgOmg,4
StVWjw,4
vpjtkA,10
NVJm5A,5
MEntYA,1
GylFkA,2
zLRUyw,6
ogf7wA,4
O8LeEg,3
d7mufQ,2
qEH0TA,1
eXyHmA,4
J0_dFw,1
Gc2lSw,5
NytYaQ,6
XD1f_w,7
E_-8-g,1
p7yXTg,1
2ewg5Q,10
L0U2dw,2
r8QOWQ,0
yAikPg,6
dOcAHA,9
ZLNqAQ,6
pSQilA,5
S3sNYw,4
goAQBA,10
kwTW3A,3
NIm1OQ,10
SRQNgA,7
BD7eqA,5
jdsg4Q,8
3X__yw,4
X4l1gQ,8
PP7eFQ,0
WMR5Ww,5
k24m4w,7
fhgaMw,6
9xkPDQ,9
qiiqkw,7
yK03hg,3
tJ2BWg,0
n1jujQ,8
dw-Qrg,1
BQjdSg,9
n4qjpg,1
_pGADQ,8
vWSfBw,1
795mZQ,6
TYz86g,8
UA6A-w,9
ht9ItA,2
qVOXhw,9
D-ZoJQ,9
B-MPDg,4
v6tsgw,4
EifNKQ,6
JtE7Nw,8
XFgYug,4
ORjvEw,5
p8GV9w,7
6jKQ3w,2
HQhGMQ,8
jfZP_w,3
yQeHsw,3
-SRFoA,10
t46eoA,10
L9T6Yg,0
LjnGig,8
4fm51w,5
4HrgaQ,5
me1pVA,1
seWK4Q,3
xpQmvg,8
lsW91A,3
EuWjXA,6
LEsyrw,10
dMT0ZA,10
W5dl2Q,10
vIKEiA,7
8uOqWg,5
bbFu8w,7
_M31TQ,7
T_sPOw,0
k7oRTA,3
JKK9NQ,8
1g3H9A,0
N_1NTw,1
-1IPjw,5
lht8kg,1
ZE0SRg,6
ZZGZyQ,1
C10klg,6
3yfYiQ,0
Uze4lQ,5
qJXO6Q,0
OziZIg,9
8XgKmw,2
YnOfvA,8
WIx6Bg,4
-XoWCw,4
0Oe_kg,6
FCCEyQ,7
W1GJww,9
A94VdA,3
L7WaoQ,1
eow3CQ,5
orSYuQ,5
N-Qs8A,6
vibOyA,4
Ft6BCQ,6
7rSaFQ,0
PJ3t_Q,1
Fe8oog,5
DXtGZw,7
icwIog,0
oBH9Hw,6
pNNl6g,0
ZENpdg,10
7zCfwQ,2
qkGayA,4
QWAWUw,8
7oZzxg,6
z7nkTg,9
iXisMA,7
FVUtWw,2
pdLZQA,2
1PIAfA,3
wROEUQ,0
-Ft7xA,4
kJ9Eww,9
18UHTw,8
MD_y4g,8
a7XEbQ,10
vdvM-w,6
Xh0Cig,2
05uTqw,3
QV0Fvw,5
w4bt_g,7
okTVLQ,9
aS1dhg,10
CpfxRg,3
5l7yYQ,4
I7PF3w,10
QQPv8Q,0
U2MQ7Q,7
2y4N3g,9
SZsgqw,10
9COIuw,2
UF93eA,7
V2q8GQ,0
uVqosw,1
MPAYLw,1
YIa8HA,8
HCs26g,3
DSCbaQ,8
lMS4vg,10
yGweqA,1
Tltf4g,8
6bmnSg,4
k-J_Hw,0
1bZOuw,5
1ebydA,3
978-Bw,9
brXJoQ,8
00ECug,6
0ZJoAA,2
9Ofm7A,1
F4P13w,0
no9ZDw,4
TiJa2Q,1
nSFzzA,10
Eb-qDg,9
Bcx-Lw,7
DhbwEg,5
Nztb_g,9
_p4PVw,5
-3l3cA,6
B8gr7A,6
C66-dg,0
9pWHMQ,6
jUz9PA,10
hUVQGw,3
RFeMKw,1
IRUQAQ,9
NtWlmA,10
wsV_-w,2
o4SckQ,2
4lgORQ,8
nKZsPg,2
TdEL4w,3
v1y9lA,2
etw5xg,10
3zU-CA,5
E0u_VQ,0
qJlrDQ,8
CHprpg,3
6xAkgQ,10
4zKHIg,7
0RO5_A,10
24ZD7Q,0
gRB2fw,0
SkyqiA,10
xbGSvw,8
Ly9FqQ,8
RJSaKQ,9
efU4vQ,7
3xL3cQ,4
KOtv1g,5
LcphIQ,5
UOmYjg,6
3hEQqQ,8
8xDILw,6
TJZlWA,2
dQICbg,7
m7U3SQ,3
8Xpn-Q,10
06uWQA,10
TZvf-w,1
mpqmhw,5
Q49sfw,0
pOa9Vg,0
5lGmgQ,5
KPD7wg,4
FRVmEg,3
szIhQw,9
cp1ROw,2
Mm5MlA,1
AQhwIg,3
j1TqEw,3
_jyd_g,4
5-lTQA,6
kSYY9g,9
Q6Ol2A,6
Cfn2Jw,7
nlDU7Q,1
tOgPKg,8
xMi4Ew,2
2g32hg,1
_xI56w,7
GGm4QQ,0
U0NhLw,4
NL4oHQ,3
lJfiaQ,3
IPvWxA,0
lg2hjQ,9
yK_DJg,7
rq8unA,3
hgrCeQ,5
34pDsw,0
0-xvmw,5
c_bFAg,6
67iRlA,4
AhxkNg,4
EXzg3A,10
LU6C5g,10
xmfYyg,2
sqc6Xg,9
ebJ5Yg,2
GisY_w,7
e2XXKQ,6
shpZIw,9
7sIdrQ,7
DmZg4Q,5
FWfcYQ,4
N9SSjQ,1
1tYv9A,7
JTSzUw,5
laPTzw,6
nEA86A,5
EcUerw,3
BtOu4A,0
6bIdEg,1
Qf7ynw,7
_CgXEg,7
Owicyg,3
PQF6ug,3
weYIOg,2
j3nGig,4
gyzHBA,3
eYycDw,5
qn6URg,6
LS7kZg,4
3zwAwA,1
vGUSVg,1
_5UUOA,6
1-qCIA,6
sGL_vw,1
WZmPfA,0
1M-Z7A,1
xrv8cw,7
etaCsQ,7
e_Lq0Q,8
gGircQ,9
0qOtuA,6
Xd19QA,9
xRAEFA,4
4oU_Tw,7
qBNzTQ,7
lP9haQ,10
Z8XA9A,3
dEvV-w,2
dV2fFw,6
LK7PUg,10
cV5bfw,3
G8NFFQ,4
WL2K_A,6
xXBTtQ,10
uVBjpw,0
6C0ENQ,2
-JGhgw,10
8cKDGA,0
JnruEQ,9
fGOGUg,5
vGXkAw,0
rqZ6Iw,2
yFh2RA,2
8JiV-g,10
ZYUm9w,10
LKz-CA,3
b3ypTw,8
wem_cg,8
B8tVJw,1
uTQuQw,5
46LFRg,4
9jqdmQ,2
FOmIFw,3
9B5CZg,5
HcLrmA,3
r5vVsA,10
Aiem3w,6
Y_hbcw,10
o3JJdw,5
46FSFg,3
VMC0bg,1
JQ9v1g,10
NqJOLg,0
8_YNGQ,3
6UdGGQ,9
_msoHw,5
XtgPNw,3
ALae8g,5
zJZOJw,0
CEpAOA,9
hLigZg,0
kaeTtA,5
DH5fsA,6
mTejsw,3
RXc0UQ,4
0RoGcg,9
hlbkeQ,9
ZBaZ3Q,1
HTxzrw,3
1kD7SQ,1
4X4ZlA,1
Lh6hXw,5
AP_Wgg,10
o7S4yQ,5
K-zc5Q,0
XVUM-Q,4
jMVGgA,9
7fsrDA,6
MdLuXw,7
4H1Jjg,10
6mWEiw,1
wRmrEQ,3
uj5Qzg,0
CTEa4w,1
S2Dz2A,4
mTf8vg,1
hcyKeQ,2
Txjz9g,1
1XM8Ew,3
qwfb_g,10
w7NMHw,5
k1Nm6A,2
-_cjZw,2
FvlTTA,6
5zn72A,3
TOETpw,9
eeFWbA,4
rGiEWg,2
r8bJlQ,0
3Zwf6g,8
WJFGWg,0
JsumhQ,4
kvUBSw,3
Wtks8g,3
xgFLSQ,10
KXiBIQ,8
jSmAEQ,2
wtuYMQ,8
fVFXtQ,3
zaBobg,9
LSJMPg,1
6Hzguw,10
yvkkVA,6
oQtB3A,9
hfeOQQ,8
_nkbww,10
KUifzw,7
FZkmFg,4
3GrS6w,3
RfaCEw,1
TnIoEA,9
6DKrCA,8
PKszUw,8
LuyPwA,0
cVjKcQ,1
crzTpg,5
l3DJwQ,10
-jqtiw,0
XHxudw,0
BpG0Ng,2
Li4AdQ,8
HWpx0w,1
uk7rcw,8
5eHC1w,2
PQy1dQ,3
yRNWXg,1
rHBJFw,10
tIWO0A,4
gVRXfA,2
S9x10Q,0
EzrBNw,3
iGjuvg,9
aKZUQA,0
AseU7g,10
Yiaa1w,10
WR7jvw,7
Q7igpg,6
0H7WxQ,6
Q8Wkpw,5
L1NkZg,6
EJ47uQ,10
rFZpNw,2
Rx493Q,10
2TABWw,8
Fp3UCw,9
RO4wYQ,1
aqv3TQ,2
INzVLA,3
S1n6Iw,0
0cCfrQ,1
va2PvQ,10
T-TiVg,0
HGBgeg,2
2ZoDwQ,6
32qrWw,2
NsYiRA,8
yxZwpQ,1
Ig_VYg,8
JJfIdw,2
6pLkoA,1
L7mRjQ,4
5CGHGg,8
jnO3Zw,10
N2bRvw,2
b4dJ0A,3
y-E5yQ,0
gIXFgQ,8
BzvKOQ,6
VmgDJw,7
2QL8-w,7
4WB2ew,5
p-PkyQ,0
kctKZQ,5
SMcrXA,1
1uw89Q,0
9wg6qg,8
fnx9hg,7
WX0RKg,8
Y1KH7Q,6
1sFGXw,6
FeojrA,10
XTBonw,3
qJ1JTw,8
XdPTsg,0
H1hy8g,0
_xaEIQ,7
sqp8zA,4
AOl7yA,2
O3wAJA,2
Vkl6Dg,0
A7b-5w,1
dzMl4g,10
DZIA1w,10
QkNRHA,4
cPG2Jw,4
uW1gOg,0
OL2Iqg,4
nUOR8g,5
TH0U0w,6
8WWNig,6
ZELxFA,4
zggdLQ,8
GsF2gg,8
GmsxyQ,6
sVkSZw,10
1QS8Gg,4
cK-srw,8
MzIcfw,4
P2l-jw,6
yHlY2w,2
T8ggQg,5
rpgR_w,3
g_5fMQ,5
MtnKjQ,0
r7vxLA,6
Ms1G_w,3
gCiGeg,5
2xZ-qQ,9
iNFTOQ,9
Ck7_Lg,3
0Kp7_Q,3
QzDsDw,5
HUzvyA,1
wW6ZkA,4
lY-grQ,6
nOrBKQ,6
YhhtmA,9
7ZrlbQ,2
QR4Z4Q,2
bT0Z2w,0
N_jT9Q,6
VaoTDQ,7
D973Ig,3
GeFzDw,1
0Onotw,4
o_AjdQ,2
J5NINA,0
9p9jMg,7
hxzEqw,1
dhVpUQ,2
T4pAUQ,10
pJAIOA,7
nSySeQ,10
nOMmqQ,0
3kkQIA,6
LHKHmQ,8
cFEPzQ,1
kvzR6Q,7
oX6Suw,3
KvTyRQ,1
8wjvuA,7
Iyu_PA,8
lgwzJQ,6
Al3gOQ,1
uy1YJA,10
wraFJg,6
7L16rg,9
bvy4rg,4
kj9uZQ,8
YgxubA,7
DCt0ig,5
XN73DA,1
2-dp1g,10
Ym9Dfw,8
oFRs5w,9
fgvxUQ,2
OO7IgA,10
voSp8Q,7
0j3lxw,1
Tcu3kQ,10
AgdkXw,9
BNNQZQ,0
3UuHPg,6
QaCUcw,3
l5LuIA,0
7U1Vlw,8
NiKhbQ,3
-idmmw,10
l76L4w,6
A6OQaA,8
e-kY2g,8
GUfm5w,3
4tLgSw,2
7tVLXA,0
PuU1CA,4
fzzAAQ,6
Af5WVA,6
mwPpzA,1
FH9AgQ,3
kLIEDQ,1
jzVE4g,8
yP2Y9w,10
lmz3QA,0
8mO4sA,10
rOaVaQ,10
r15g2A,6
kyR-6A,8
ytY7qg,5
KiI8Ww,3
HDZ9fg,4
nJkTwQ,8
bHCalQ,7
_Dk_Eg,0
A7tBlw,2
g6URFQ,7
tnTzBw,2
o8fLtA,5
t5JrOA,7
9QhAVQ,10
6XQfWw,3
9zW6aQ,0
4hx2UA,5
7pbgmQ,5
Mz897g,2
MLcrNg,5
NlCFHA,2
WiQxhw,1
63huvQ,9
RxWbDA,0
7M00-g,0
nlligA,7
qvBUSg,3
NMHwyQ,1
SUMAlw,0
_G8PDA,3
TxQYsQ,3
QoF3dA,8
SdUj1Q,7
XZoD0g,4
Nd6T3A,9
ljlT-A,9
6ZbejQ,5
3KGf5g,1
lvOzgA,0
FHcgdA,10
lvXVlQ,3
rrFbdg,1
6HzGBQ,7
Cz55dA,6
BHSHXA,5
aZyN2g,6
bxS-ow,3
l2ozDg,8
M2iPBQ,1
JObx6g,7
DYI4aA,3
h_CdiA,9
joZMGg,8
JW3pzQ,10
FgM85Q,4
GrlO7Q,5
6lJz9A,2
5pNuMA,6
bFaw0w,0
RNNWIQ,2
vtKaJg,4
R23w1g,4
O1UFDQ,0
jApDiQ,6
LJ_B8g,8
gunFlw,10
EC4jrQ,1
Q-ODcg,10
qfQluA,9
YsZyLA,6
WdrOYQ,3
-qFiGA,7
SzQhdA,7
kAPieQ,6
DdcYoA,0
32nZ6A,3
16LuFQ,2
CQrRyw,1
5AJX0g,10
B0eA2Q,0
e13kZg,10
9nP9oA,2
m20q7w,0
AoAmcw,1
s_CIUw,7
PQM17A,8
iaygyQ,10
pDbeMQ,6
T5M_vA,7
BI3Ctw,2
ZaaB9A,2
QuiCrA,9
pvvcrg,10
ABldxg,4
uACM4g,10
3AAmRg,5
k5kuHQ,1
wBrd_A,5
yM6HdQ,6
tvsy6w,8
8fEesA,8
bnASAQ,4
1ht1mA,7
0yfyWg,7
ewCrxA,5
g2EsRg,10
TO-KlA,1
cSsmpA,4
JK3uTA,4
d2-Acw,2
7R7P5g,5
CfzEzQ,4
igEvIQ,5
6J5UKw,4
PW_DHA,0
7Ue_VQ,10
0ikd_g,8
9a1F8Q,7
itq8Gw,2
UDDGdA,5
rQpgEA,9
GHuwAQ,7
biTNXw,1
xxMDLg,6
vAXm0w,2
5NHbaQ,2
KC9VAQ,1
FUUT0Q,0
pPsQXQ,7
ILgFeA,9
XYuSIA,3
WVYfwA,1
OOiWgA,3
cG8Fcw,10
vxEBGw,8
6lCsoA,0
PqbNPw,6
yopXXg,4
lKQ1mQ,10
B6V1zw,0
TbZZ-w,9
mJZEAg,4
IJ77Zg,7
Hqr7IQ,3
PCiUIw,3
vpZCsA,8
1GimQA,4
FKcZSA,4
XXf8pg,1
1siWQA,3
VYXXGg,5
Dp0VBQ,5
nXBCZg,3
aS-VWQ,8
UIHiCA,1
YY1f3A,6
LUV1dg,7
KfxIJw,6
Z8ZYvA,7
vt7qzQ,0
UsRCuA,5
3L7SDQ,8
jaFgMA,7
91agrw,9
e3f-Sw,0
zeco1g,4
GUTpjw,2
sfvR1w,10
0cgqiQ,8
92mnhA,8
ms6r3w,7
Q858Ig,3
3zAu1g,5
fBdhJw,5
xsc-Jw,8
4vA_PQ,3
KaX6Lw,4
dXNsoQ,2
CSZrOg,0
vnwg4A,4
GPzm-A,8
8tzeSg,10
WMGzlw,9
KezQOg,7
m5ra8A,1
4jJkCw,9
CJYcvQ,5
GS2O1w,3
lrBKEg,0
3XNoaw,1
KpIMOA,6
_gLbIg,5
Nqsbjw,1
VI4JeQ,3
--dTbQ,10
LPSa_A,9
I-B1Pw,6
kGvQ8w,0
3pwi2w,3
Wt3CYA,4
Inja1g,5
-V461A,10
qRc_Bw,7
M7D2nw,2
j6kD7Q,1
ElDhMQ,2
-_4s3w,8
V2di4w,8
gmLnmA,0
i-a7qw,9
lBDVEA,2
7aoiuQ,5
ba6VRA,0
1_Brqw,10
ehr7VQ,6
32d91w,6
yNYvEg,4
nCW_1A,7
ipgzKA,10
O_1XqQ,9
aUXOKA,9
CQCLJg,4
muVW3A,5
HWAEGQ,1
3QGVLA,5
2YaY9w,10
yY35-w,0
EwIPiA,7
WhKv6Q,6
RYg10g,1
66uTMg,7
vPNYqg,9
PHbv0g,4
jwFNyQ,7
7wkYWw,1
41Z1vQ,5
v4Yc5w,7
LCvDWA,5
RAAL_A,4
YcjYpg,0
lHg1qw,9
deo0Lw,7
PcuiDw,7
atX0tg,2
SUS1tw,1
P0V-WA,3
9u26lw,2
X-yLUw,9
RmFIXA,5
usP72g,5
LPtdSA,7
5Aj4iQ,10
t78lSA,4
r2WafA,1
vxPxCw,5
un4YIw,5
V0t92w,6
PljgEw,3
U3EnHw,7
W8b0sA,2
k_vyLg,0
_3dhaA,3
wQf6TA,6
GHfnrA,0
VcOy4A,4
kQrl9Q,9
H8EY4g,0
62uN2Q,7
oHy_ug,6
NSVVkA,4
YzBIFA,4
Oy_71A,7
3C4lag,1
9OYYeg,3
MJNZ0A,2
bwMl6A,5
MWqRnA,6
po_EVg,0
tutkAg,6
XB1bKA,0
H99lbw,9
w5__Xg,1
STyhRg,5
BmOM9g,10
KtYAzQ,0
oCI95g,6
Jrh5cA,0
LhqDOw,4
7-Kb3w,0
A8RP5w,9
BZ2tIA,6
aeIrOw,2
BPUSVQ,5
L9jOyw,8
UXAqvg,0
pOXObA,1
NOFR1Q,10
rx--gA,9
0xILEQ,4
bVTgZA,0
et9zAQ,6
2EThIw,6
g0TMfQ,8
riXR2w,9
iA-sVA,2
efAdqg,9
5pwcVg,7
GEbQVg,9
Wmpn7A,2
VhSw1A,10
HJXdnA,3
zpxUkQ,3
6vB_Ug,1
9G6pZQ,4
jXThTA,9
U5-erg,6
Db0DgQ,9
isscDg,5
fpE2Sg,0
yBqwJQ,4
WqZ2kw,7
HmRIXQ,3
ogiR4w,2
5BPtEA,1
gRznwA,5
K3aShA,5
5RpOkQ,2
My_PZA,4
x2XWrw,3
s6W7-A,7
4a0pCw,3
3nrUOw,3
rAgubw,3
FVD1zw,4
w0kz2A,7
VeTofA,0
xLn1TA,4
UJR-xg,10
ke0gmw,6
RIE7PQ,9
MJjJww,1
qLvqSQ,7
zZj63g,8
h1ofgQ,9
SB47jA,1
K5hsHw,9
kHexAw,5
hicMKg,5
iHWwEg,5
m7GbOg,7
HqNO6A,9
rF5dng,2
Su8g7g,6
KZjHmQ,3
LEc6zQ,1
j6qTWQ,5
r8e8Iw,0
LGbj8A,9
I8CByA,7
s7-JIw,3
irYVvg,1
c6zYdA,2
Rfi02w,1
lA7WyQ,10
lWn23Q,3
HgEXfA,1
-x2lig,8
od-e9g,7
O1LXCQ,2
TcM9GA,4
NaWKBQ,3
wEF-Cw,3
-zoqRA,4
lyJP4g,0
9CgV8w,0
kmYUnw,9
h1H_ug,0
s50i8g,1
bSytKg,4
PE3aKg,2
r56ecA,10
y5FCJQ,0
-uKlnQ,6
t_VQyw,0
PngKsA,4
7xslAQ,8
UBHw-A,0
gUvGWg,5
NPSmrg,7
lttjug,8
5uqRHw,5
gx2-Yg,0
kcAVPA,7
jE8oHQ,7
74JhfA,5
8OYPuw,7
jKYhHA,8
raQv4g,9
JL1vaw,2
R2xi_w,9
XdhqZg,6
f7WVLg,0
Q1tIKA,6
MFwgQQ,4
9a4Zzg,7
QiJkaA,1
AQUSaA,0
pn28XQ,10
hQErBA,4
MDFbOQ,2
VWMtlQ,6
LqummQ,6
1B9RWA,3
py-XRw,10
sd6gTg,2
zCQ9bQ,1
3U4rFg,4
4w59Pw,0
oCW7qw,2
5HczkQ,5
6rrC6A,10
FtN41g,7
egKbUA,7
AnRjmg,5
zT1u3Q,7
7dFLDw,3
Q2QJJQ,1
zS-L-w,2
L4_7NQ,7
x6nWuQ,2
5rJQ1w,8
BAJlvg,7
ASW61A,2
-YgEWA,10
u9Dmqg,3
ZZ8A8g,2
5YlK2Q,1
ejeTMg,1
WaeUGA,1
mHqiag,1
LR4OTg,9
lCS09g,7
mN1NMw,8
JZOu7Q,4
T-PCQQ,2
hV1HSg,4
FecnQg,2
ynuSnA,5
mtiCEg,7
djFKlA,0
BgP57A,3
zO8kag,5
dMaFkg,4
IHetjg,9
VFL8og,2
3XY8BA,1
JETLUQ,0
V3qyPQ,1
qkBcSg,7
9yDhtA,7
gCmyvw,6
a2jjgg,10
sg9MfQ,1
1Vnnkw,10
ZUYKMA,2
p8J7zg,2
pAebbg,4
1uo1og,0
W4IyIw,6
WSzlzQ,1
blgIhw,8
YCLC7g,10
PFHI4Q,3
CaXiLA,9
ES24hw,8
JwstQA,6
5R5sYA,1
WLzENA,5
m8tYNg,10
F0se7Q,10
ogsYDQ,6
Z5HV6g,3
f63w2g,9
BYARZQ,0
EH0emg,9
4UwQ-g,6
EsdklA,9
IZ7Hlg,4
-0TpKQ,7
jI-5aA,10
6nFaQQ,7
UMaGvg,8
s9ojzA,5
vzGsXw,3
Ausdyg,5
prw2ow,2
P9RodQ,10
tygciQ,3
VW6QxA,1
P2KWpA,6
uStPqw,10
aj32pA,10
LudKww,6
c8diCg,8
h3eh9w,1
oyDc6Q,5
49MQgw,5
8n-TBw,5
1NS5QA,9
-vdI0w,6
XlxzFw,1
hJzorA,8
bngIdA,8
1RSKvA,1
4Um00g,9
dLuSjA,5
zijFcw,4
ez1RRA,9
xuA8EA,7
jqvIUg,3
8nwEKA,10
ygZMHw,4
cF4xlw,1
SpJeKw,6
m7goAg,9
QLX69w,7
rL44Mg,3
VsIKsg,3
LbxPvg,0
g0ilOg,7
AGYtgA,4
TmYUSA,3
AUq7TQ,6
di-kiQ,5
qgNsGw,9
4dxXLg,3
PkEwuw,10
ShngXw,1
-8j-XQ,4
oSx0uw,1
jYByIQ,7
S8RBUw,2
Ct97dQ,9
N7Qwyg,10
J0uEPA,9
YL56Nw,8
heKYWA,9
x2t2yA,1
Z4eB1g,0
Fo0v5Q,10
aTUXmg,6
2CVA9w,0
QYspWA,1
Ux2NGw,1
XKPzuw,8
HwBbBQ,1
yNvfoQ,8
wHamEw,2
OYLxtg,10
G9vm6w,1
2xFw9A,8
jL55MA,8
Ot9O2w,2
wuz6hQ,6
Qw7n2w,5
ITV9vQ,2
l2KEZQ,4
YuwNgA,9
poM3iw,5
8CaIGw,0
Joxefw,6
Z27SKA,1
nH0K0g,0
pcB3tA,2
Vgb3eQ,4
YOmNqQ,4
XLXHxA,9
2eySsw,5
q9Plww,5
HSjpeQ,0
FPuS9Q,0
DQI1iA,1
05O-NA,7
XUMT5Q,3
XO_7gQ,5
qdBVOQ,3
877m0A,2
DalTrA,8
-NSinQ,10
HQuSYg,5
mRPkjw,10
VdjAzQ,4
IxlNCA,7
dsQP-Q,7
A4h0yg,3
SV1Frg,3
A8et8Q,1
XqBE2Q,5
c0guAQ,5
MWhJnQ,0
qhaJqA,4
5h3ZIQ,4
X2jUpA,4
ju5y-Q,4
k_CiBw,1
cXxIjg,5
JteO7Q,7
9hrYgg,4
Zz4SAw,3
ik_lYQ,5
WlkM2g,10
qVnJsw,3
3UzB3Q,6
9aMJVA,1
dw7JVA,6
5GM2_Q,9
MfD9wQ,9
kYgzTQ,8
ZJUX1g,4
p9EGzQ,9
GiS1Hw,2
jkl9Fg,2
mEyreQ,7
j7HSKA,0
ZCmV5A,8
UGGpjA,5
ctzRtw,3
DeU0Ow,8
AnD6_g,3
JqUm7Q,6
JEmLDA,9
_bYXxg,6
9CfOPw,4
sC06Nw,3
ZWkamQ,7
Wx4RPg,3
ubyIBw,6
_I2Olw,6
XsZ5Pg,10
ziiVVQ,1
S2IvSg,0
l2Y5Ng,7
shMmwg,6
ND1yoQ,2
2scw-Q,6
kJHTdA,4
vf6Ckg,7
OemAQA,9
DUr2QQ,3
AqrFZQ,1
6K2kIQ,4
mu1o3Q,4
fR9IOg,0
L0W6ug,5
F9EsyA,2
MJlJbQ,5
IYZZwg,4
1ZMdtQ,5
EMrPhw,4
g5ZWpA,5
Q5nqMQ,10
87KWow,3
_nnggg,6
4o8fBQ,6
K5O05A,7
KH7jjQ,9
3O7AfQ,3
Ux2EZw,2
XHPmuA,6
OprSXg,5
dVj5vQ,1
pNy_tw,10
Q_GaPA,10
gdQvsg,2
iQvMGQ,3
x5Y92A,10
VPtV3g,10
ruxHpw,5
_csAwg,9
m5Y28g,8
_tjWpA,9
uzBoXg,0
umsLvw,8
b3-62w,2
NSa8qg,1
asY5AQ,3
8z1XGA,2
uugieQ,6
rIXtpQ,8
9g2q8g,9
jWoihw,2
0IzRDQ,5
NU-jZw,6
J37jRw,2
R4DAjA,9
yzcQhQ,0
-YVmOg,3
FandNA,5
M3yMlg,5
Y6J5hg,1
uvlSGQ,3
4Etzhg,0
XqnB1g,7
XOuppg,2
yaFzUg,10
Yn05_A,8
CUbhRw,6
-fKwLQ,1
W7DRzg,5
oVFrew,4
y7fb2Q,8
qAuXlA,7
uzJy1w,4
-FNVKw,9
LF3nkg,9
01mMvw,3
vE2Z7A,0
dnJDkA,10
t5rKhQ,4
aOJCeA,9
TINHKw,7
biZBoQ,4
XRmGZg,7
RkAG7Q,1
lL19Ew,10
9kKbUQ,3
6Nk2vw,10
EAZTOg,1
bEdI4Q,3
Q3VRfA,8
9Emu6Q,9
IsgWYg,3
xRL3iQ,6
NpfMrQ,9
cAZGpA,6
HJZGAg,7
LQbZcw,3
1Itelw,6
qO9eQA,7
ElHz3Q,7
iNm8Og,3
a5658g,8
X6Z3xw,3
S9UNfQ,8
AW7ADA,8
7ptkuw,7
CCGx6Q,6
n-LnyA,7
BISMUQ,10
tEeuWg,0
R4NArw,10
uMcnzg,4
urNpOw,0
T3F8qw,4
uILS5A,10
T1jmPg,10
YEX5yw,5
6fo09w,4
_-dUzw,7
0TFgaA,2
6sVDDg,3
OgOgkQ,7
mpi67A,9
p3HyAQ,0
yovNsA,3
oyINeQ,8
Kz7O8g,9
75DCvg,10
8S8HIg,1
Z-91PA,3
fM2REA,2
zI_L0Q,4
bBHyOQ,10
z8KCzQ,10
vBqs3w,4
4BXAmA,0
V1LRGA,8
CUPYWg,2
zFuUUA,0
zeTL5A,8
FLfLTw,0
9iqX0g,8
kEDGFA,9
fKCxvg,4
Xk0RbA,2
Wlmrmg,3
OtakAA,5
axEk6Q,1
y5zNAA,1
oQ5TIQ,1
D6Qe2A,4
XFKB_A,3
0vA7rg,7
YRym_g,7
H6SDBw,1
InMirA,0
ukve7A,1
-KP40w,0
5oa3Rg,2
z1zUdQ,9
u-eQQw,7
HkSiyw,3
Ovzybg,5
GOTIhA,3
ynFW0Q,6
2_eWkg,8
Fcwfzg,5
cEwU3Q,1
axImIw,4
_RmP4w,1
IkAAKw,4
tO27ow,8
wMcYQg,6
qcKxNg,6
dXuDDQ,10
NfxZgA,9
UQ6NZw,7
AR3g5w,0
KrmPOw,2
u64tOg,6
7iIJLw,8
lASE5A,1
uvHV5A,1
_gymwQ,7
48kL2A,2
75qb1g,4
NrWjHg,8
n8cntg,9
JyUmbw,2
J5WaNQ,3
ZaKweA,8
wYXKDw,6
Ni6l1w,4
0sGhtA,4
xLPAZg,9
3Mz0pQ,6
JDoO9A,2
oV9ztg,5
6-nlGw,5
kfI8ZQ,1
66SS_Q,7
eP5y6w,0
dAlayw,0
tcMMlw,1
S-YlLg,9
vyAH6g,6
HrCjWw,8
sI4s3g,5
TRzVLA,4
hmhpNQ,2
kkRGyg,9
CLnlRg,7
dlccmA,0
vROPiQ,4
MR6i7w,2
n2mlAA,5
XovNRw,10
ulL-ww,8
ozDawQ,0
mhij4g,10
JVVVZQ,7
gnTlXQ,2
jgJClA,10
66Mr3w,10
camdgw,6
LCohzQ,9
KM2xTA,1
Z8eUng,10
dceUvg,10
m-5LVA,10
DbzSJA,8
_-grRw,9
Dk2xWw,4
EL-HNA,7
TWaFGw,6
8JzYwg,6
UjZBMQ,7
-fgKsQ,0
LG6dJQ,9
u6Pu6g,7
ObFR8A,6
3lng2g,0
6B6TIQ,4
iwiIqg,10
vcY8gQ,1
4JP4CA,9
vBEQhw,0
qVAzGQ,9
2lGJHg,6
M9tEKA,3
09j_Bw,1
qSjZSw,9
RkGWqQ,1
lz9O-w,7
VdLN9A,10
QUmOvw,2
YyvRUA,6
Tvqt_g,4
TsHZgQ,6
YCq2lg,8
xuNz9A,8
HC2bkA,2
VZudEw,1
T5Bv3g,3
9pkO9g,1
psxtLA,2
1zmMvg,6
1CdGwQ,10
DiOpRQ,6
gPlOgw,4
l5ksmw,2
v-893A,2
ZBF14Q,2
oQYzUg,6
VRCoyw,5
BaDa0w,6
Z-UmoA,4
PKgnJQ,2
bbbS-w,3
PUX89g,5
tbiTCw,2
wRKtZQ,5
gORBZA,6
l9z-GQ,0
S-nn5Q,8
HSczvw,3
fACVtQ,5
ggOZKw,5
NEveiQ,6
3TjVYA,2
UQMEdQ,7
aHQqGw,1
n_T4Jw,9
nqYqRg,6
